{
    "test": {
        "all": {
            "f1_micro": 0.23308730125427246,
            "f1_macro": 0.0051243980415165424,
            "recall_micro": 0.23831801116466522,
            "recall_macro": 0.009476923383772373,
            "precision_micro": 0.22808128595352173,
            "precision_macro": 0.004502123221755028,
            "fpr_micro": 0.0031290771439671516,
            "fpr_macro": 0.003717062994837761,
            "exact_match_ratio": 0.0,
            "precision@5": 0.33769309520721436,
            "precision@8": 0.2810320556163788,
            "precision@15": 0.21392887830734253,
            "recall@10": 0.18026967346668243,
            "recall@15": 0.22166495025157928,
            "map": 0.1825355589389801,
            "precision@recall": 0.21343527734279633,
            "loss": 0.01842859759926796,
            "auc_micro": 0.891156154974688,
            "auc_macro": 0.5813885630360316
        },
        "icd10_diag": {
            "f1_micro": 0.23831196129322052,
            "f1_macro": 0.005711916368454695,
            "recall_micro": 0.24854877591133118,
            "recall_macro": 0.01051262579858303,
            "precision_micro": 0.2288850098848343,
            "precision_macro": 0.005000230390578508,
            "fpr_micro": 0.003748757066205144,
            "fpr_macro": 0.004474774934351444,
            "exact_match_ratio": 0.0,
            "precision@5": 0.33704227209091187,
            "precision@8": 0.27913209795951843,
            "precision@15": 0.21172687411308289,
            "recall@10": 0.19371457397937775,
            "recall@15": 0.23787134885787964,
            "map": 0.19278736412525177,
            "precision@recall": 0.21952758729457855,
            "loss": 0.01842859759926796,
            "auc_micro": 0.891156154974688,
            "auc_macro": 0.5813885630360316
        },
        "icd10_proc": {
            "f1_micro": 0.16281680762767792,
            "f1_macro": 0.0031553455628454685,
            "recall_micro": 0.11712706834077835,
            "recall_macro": 0.00533017935231328,
            "precision_micro": 0.266950786113739,
            "precision_macro": 0.002963621634989977,
            "fpr_micro": 0.0009783023269847035,
            "fpr_macro": 0.0010694566881284118,
            "exact_match_ratio": 0.005294237285852432,
            "precision@5": 0.10319695621728897,
            "precision@8": 0.07801364362239838,
            "precision@15": 0.05307779088616371,
            "recall@10": 0.2697267532348633,
            "recall@15": 0.3167048990726471,
            "map": 0.16608743369579315,
            "precision@recall": 0.12086544185876846,
            "loss": 0.01842859759926796,
            "auc_micro": 0.891156154974688,
            "auc_macro": 0.5813885630360316
        }
    }
}