{
  "task": "plmicd",
  "dataset": "mimic_s",
  "fraction": "100pct",
  "variant": null,
  "per_run": {
    "run1": {
      "f1_micro": 0.22559784352779388,
      "f1_macro": 0.004530100151896477,
      "precision_micro": 0.2143380492925644,
      "recall_micro": 0.23810626566410065,
      "exact_match_ratio": 0.0,
      "map": 0.17603008449077606,
      "precision@5": 0.32738301157951355,
      "precision@8": 0.2738678753376007,
      "precision@15": 0.2069205343723297,
      "recall@15": 0.21594703197479248
    },
    "run2": {
      "f1_micro": 0.23296813666820526,
      "f1_macro": 0.0050745573826134205,
      "precision_micro": 0.22163420915603638,
      "recall_micro": 0.24552372097969055,
      "exact_match_ratio": 0.0,
      "map": 0.1809312403202057,
      "precision@5": 0.33247753977775574,
      "precision@8": 0.28197968006134033,
      "precision@15": 0.21279679238796234,
      "recall@15": 0.22087271511554718
    },
    "run3": {
      "f1_micro": 0.23308730125427246,
      "f1_macro": 0.0051243980415165424,
      "precision_micro": 0.22808128595352173,
      "recall_micro": 0.23831801116466522,
      "exact_match_ratio": 0.0,
      "map": 0.1825355589389801,
      "precision@5": 0.33769309520721436,
      "precision@8": 0.2810320556163788,
      "precision@15": 0.21392887830734253,
      "recall@15": 0.22166495025157928
    }
  },
  "aggregate": {
    "f1_micro": {
      "mean": 0.230551,
      "std": 0.003503,
      "n": 3
    },
    "f1_macro": {
      "mean": 0.00491,
      "std": 0.000269,
      "n": 3
    },
    "precision_micro": {
      "mean": 0.221351,
      "std": 0.005614,
      "n": 3
    },
    "recall_micro": {
      "mean": 0.240649,
      "std": 0.003448,
      "n": 3
    },
    "exact_match_ratio": {
      "mean": 0.0,
      "std": 0.0,
      "n": 3
    },
    "map": {
      "mean": 0.179832,
      "std": 0.002767,
      "n": 3
    },
    "precision@5": {
      "mean": 0.332518,
      "std": 0.004209,
      "n": 3
    },
    "precision@8": {
      "mean": 0.27896,
      "std": 0.003621,
      "n": 3
    },
    "precision@15": {
      "mean": 0.211215,
      "std": 0.003072,
      "n": 3
    },
    "recall@15": {
      "mean": 0.219495,
      "std": 0.002529,
      "n": 3
    }
  }
}